{
  "mAP50": 0.6308622933280832,
  "mAP50_95": 0.5339886016071415,
  "precision_mean": 0.5840144186138965,
  "recall_mean": 0.6794514950118551,
  "per_class": {
    "ring": {
      "AP50": 0.6550962932247881,
      "precision": 0.6885840790428437,
      "recall": 0.552871210440707
    },
    "trophozoite": {
      "AP50": 0.8078313957792087,
      "precision": 0.6313786356244641,
      "recall": 0.8955223880597015
    },
    "schizont": {
      "AP50": 0.35042672196892144,
      "precision": 0.2642074536518542,
      "recall": 0.5333333333333333
    },
    "gametocyte": {
      "AP50": 0.3479095845071198,
      "precision": 0.37710708532014076,
      "recall": 0.42105263157894735
    },
    "red_blood_cell": {
      "AP50": 0.993047471160378,
      "precision": 0.9587948394301796,
      "recall": 0.9944779116465864
    }
  }
}